{
    "Blues":{
        "size":1,
        "release_year":1977.0,
        "popularity":40.0,
        "duration":304533.0,
        "acousticness":0.0756,
        "danceability":0.86,
        "energy":0.666,
        "instrumentalness":0.00973,
        "liveness":0.0501,
        "loudness":-8.492,
        "speechiness":0.0375,
        "tempo":98.296,
        "valence":0.473
    },
    "Chanson":{
        "size":13,
        "release_year":1967.7692307692,
        "popularity":42.5384615385,
        "duration":196067.3846153846,
        "acousticness":0.6159230769,
        "danceability":0.4276923077,
        "energy":0.4272307692,
        "instrumentalness":0.0084125785,
        "liveness":0.2451307692,
        "loudness":-10.0927692308,
        "speechiness":0.0425384615,
        "tempo":114.3514615385,
        "valence":0.5263846154
    },
    "Classic rock":{
        "size":544,
        "release_year":1973.2830882353,
        "popularity":56.1139705882,
        "duration":243156.7334558823,
        "acousticness":0.3239566125,
        "danceability":0.5362904412,
        "energy":0.5816376838,
        "instrumentalness":0.0517046192,
        "liveness":0.1836632353,
        "loudness":-9.9991985294,
        "speechiness":0.0464509191,
        "tempo":121.5094209559,
        "valence":0.5942395221
    },
    "Country":{
        "size":5,
        "release_year":1973.4,
        "popularity":53.6,
        "duration":182439.8,
        "acousticness":0.7074,
        "danceability":0.5672,
        "energy":0.3958,
        "instrumentalness":0.0002526,
        "liveness":0.3326,
        "loudness":-11.2028,
        "speechiness":0.06754,
        "tempo":110.7814,
        "valence":0.6886
    },
    "Disco":{
        "size":15,
        "release_year":1980.3333333333,
        "popularity":49.9333333333,
        "duration":262871.4,
        "acousticness":0.1634691333,
        "danceability":0.7070666667,
        "energy":0.7472666667,
        "instrumentalness":0.122712148,
        "liveness":0.19614,
        "loudness":-9.0232666667,
        "speechiness":0.07032,
        "tempo":122.3452,
        "valence":0.7462666667
    },
    "Dutch rock":{
        "size":135,
        "release_year":1982.362962963,
        "popularity":28.5407407407,
        "duration":237994.9185185185,
        "acousticness":0.3795745259,
        "danceability":0.514762963,
        "energy":0.5319392593,
        "instrumentalness":0.0098181481,
        "liveness":0.2770674074,
        "loudness":-10.7927555556,
        "speechiness":0.0525696296,
        "tempo":116.2228962963,
        "valence":0.4985362963
    },
    "Electronica\/dance":{
        "size":1,
        "release_year":1979.0,
        "popularity":20.0,
        "duration":93373.0,
        "acousticness":0.000013,
        "danceability":0.187,
        "energy":0.993,
        "instrumentalness":0.0229,
        "liveness":0.421,
        "loudness":-2.747,
        "speechiness":0.116,
        "tempo":102.145,
        "valence":0.0666
    },
    "Folk":{
        "size":10,
        "release_year":1967.8,
        "popularity":38.9,
        "duration":215273.1,
        "acousticness":0.631031,
        "danceability":0.4422,
        "energy":0.44974,
        "instrumentalness":0.011902207,
        "liveness":0.23325,
        "loudness":-10.5728,
        "speechiness":0.0648,
        "tempo":116.0048,
        "valence":0.551
    },
    "House":{
        "size":1,
        "release_year":1978.0,
        "popularity":6.0,
        "duration":199863.0,
        "acousticness":0.00705,
        "danceability":0.658,
        "energy":0.808,
        "instrumentalness":0.332,
        "liveness":0.255,
        "loudness":-8.546,
        "speechiness":0.0349,
        "tempo":129.983,
        "valence":0.298
    },
    "Jazz":{
        "size":15,
        "release_year":1965.4666666667,
        "popularity":47.4666666667,
        "duration":237972.1333333333,
        "acousticness":0.62618,
        "danceability":0.4685333333,
        "energy":0.3543266667,
        "instrumentalness":0.140594946,
        "liveness":0.2599933333,
        "loudness":-14.2570666667,
        "speechiness":0.0467266667,
        "tempo":117.275,
        "valence":0.4992466667
    },
    "Karaoke":{
        "size":16,
        "release_year":1973.9375,
        "popularity":1.6875,
        "duration":208107.4375,
        "acousticness":0.29196125,
        "danceability":0.5790625,
        "energy":0.4255625,
        "instrumentalness":0.63599625,
        "liveness":0.17949375,
        "loudness":-13.154,
        "speechiness":0.0395625,
        "tempo":122.833625,
        "valence":0.532375
    },
    "Nederpop":{
        "size":52,
        "release_year":1971.1346153846,
        "popularity":23.6730769231,
        "duration":211272.5961538462,
        "acousticness":0.3129607692,
        "danceability":0.4938269231,
        "energy":0.5971346154,
        "instrumentalness":0.0789355242,
        "liveness":0.2116557692,
        "loudness":-9.4096923077,
        "speechiness":0.0459153846,
        "tempo":121.67975,
        "valence":0.5999807692
    },
    "Other":{
        "size":338,
        "release_year":1976.3550295858,
        "popularity":33.0118343195,
        "duration":229347.3372781065,
        "acousticness":0.3777658109,
        "danceability":0.5590550296,
        "energy":0.5472751479,
        "instrumentalness":0.1071318006,
        "liveness":0.2102139053,
        "loudness":-10.5184497041,
        "speechiness":0.0518112426,
        "tempo":117.1717692308,
        "valence":0.5865331361
    },
    "Pop":{
        "size":154,
        "release_year":1979.6948051948,
        "popularity":50.3636363636,
        "duration":245189.8376623377,
        "acousticness":0.3817608442,
        "danceability":0.5707402597,
        "energy":0.5782831169,
        "instrumentalness":0.0491782972,
        "liveness":0.1866824675,
        "loudness":-9.3589350649,
        "speechiness":0.0472487013,
        "tempo":122.8068506494,
        "valence":0.5669558442
    },
    "Reggae":{
        "size":7,
        "release_year":1983.7142857143,
        "popularity":52.2857142857,
        "duration":257424.5714285714,
        "acousticness":0.1990057143,
        "danceability":0.7471428571,
        "energy":0.5814285714,
        "instrumentalness":0.0131042143,
        "liveness":0.1160571429,
        "loudness":-11.1428571429,
        "speechiness":0.0543857143,
        "tempo":115.3977142857,
        "valence":0.7698571429
    },
    "Rock":{
        "size":229,
        "release_year":1979.9170305677,
        "popularity":49.9650655022,
        "duration":256072.4104803494,
        "acousticness":0.3163630188,
        "danceability":0.5576462882,
        "energy":0.5783864629,
        "instrumentalness":0.0555631599,
        "liveness":0.1947960699,
        "loudness":-9.8959912664,
        "speechiness":0.0471580786,
        "tempo":117.0422183406,
        "valence":0.5765056769
    },
    "Rock-and-roll":{
        "size":84,
        "release_year":1964.3333333333,
        "popularity":48.8333333333,
        "duration":162603.8809523809,
        "acousticness":0.5014371429,
        "danceability":0.5340595238,
        "energy":0.5391785714,
        "instrumentalness":0.0719167261,
        "liveness":0.243725,
        "loudness":-9.9393095238,
        "speechiness":0.0491583333,
        "tempo":116.6780119048,
        "valence":0.6783333333
    },
    "Singer-songwriter":{
        "size":2,
        "release_year":1976.0,
        "popularity":27.5,
        "duration":200600.0,
        "acousticness":0.6845,
        "danceability":0.5305,
        "energy":0.2905,
        "instrumentalness":0.027225,
        "liveness":0.1587,
        "loudness":-15.7205,
        "speechiness":0.02765,
        "tempo":100.8645,
        "valence":0.3865
    },
    "Soft rock":{
        "size":267,
        "release_year":1979.8389513109,
        "popularity":55.3483146067,