{
    "Blues":{
        "size":2,
        "year":1971.5,
        "popularity":37.5,
        "duration":249679.5,
        "acousticness":0.2878,
        "danceability":0.687,
        "energy":0.676,
        "instrumentalness":0.004865,
        "liveness":0.28855,
        "loudness":-8.975,
        "speechiness":0.0461,
        "tempo":112.679,
        "valence":0.6105
    },
    "Chanson":{
        "size":12,
        "year":1967.6666666667,
        "popularity":44.1666666667,
        "duration":199886.3333333333,
        "acousticness":0.6198333333,
        "danceability":0.4154166667,
        "energy":0.4411666667,
        "instrumentalness":0.009112085,
        "liveness":0.2443916667,
        "loudness":-9.7809166667,
        "speechiness":0.04255,
        "tempo":115.7356666667,
        "valence":0.52275
    },
    "Classic rock":{
        "size":599,
        "year":1973.5893155259,
        "popularity":55.7245409015,
        "duration":248339.1853088481,
        "acousticness":0.3208300788,
        "danceability":0.534654424,
        "energy":0.5837343907,
        "instrumentalness":0.0578023501,
        "liveness":0.1868300501,
        "loudness":-9.9759165275,
        "speechiness":0.0468779633,
        "tempo":121.7379398998,
        "valence":0.5883762938
    },
    "Country":{
        "size":4,
        "year":1973.0,
        "popularity":53.25,
        "duration":188109.75,
        "acousticness":0.68725,
        "danceability":0.57975,
        "energy":0.43325,
        "instrumentalness":0.00005325,
        "liveness":0.3825,
        "loudness":-11.0055,
        "speechiness":0.076725,
        "tempo":112.16675,
        "valence":0.7295
    },
    "Disco":{
        "size":13,
        "year":1979.8461538462,
        "popularity":48.0769230769,
        "duration":287610.6153846154,
        "acousticness":0.1628028462,
        "danceability":0.7063846154,
        "energy":0.7471538462,
        "instrumentalness":0.1343015554,
        "liveness":0.1990769231,
        "loudness":-9.4505384615,
        "speechiness":0.0710846154,
        "tempo":124.9733076923,
        "valence":0.7600769231
    },
    "Dutch rock":{
        "size":167,
        "year":1983.4610778443,
        "popularity":28.8263473054,
        "duration":239379.1437125748,
        "acousticness":0.3631294671,
        "danceability":0.5118982036,
        "energy":0.534694012,
        "instrumentalness":0.0138139662,
        "liveness":0.2701616766,
        "loudness":-10.7610778443,
        "speechiness":0.0532622754,
        "tempo":116.1381257485,
        "valence":0.4967053892
    },
    "Electronica\/dance":{
        "size":1,
        "year":1979.0,
        "popularity":20.0,
        "duration":93373.0,
        "acousticness":0.000013,
        "danceability":0.187,
        "energy":0.993,
        "instrumentalness":0.0229,
        "liveness":0.421,
        "loudness":-2.747,
        "speechiness":0.116,
        "tempo":102.145,
        "valence":0.0666
    },
    "Folk":{
        "size":12,
        "year":1968.9166666667,
        "popularity":37.0,
        "duration":210781.9166666667,
        "acousticness":0.6441258333,
        "danceability":0.4631666667,
        "energy":0.4177,
        "instrumentalness":0.0099964875,
        "liveness":0.2182083333,
        "loudness":-10.6906666667,
        "speechiness":0.0619916667,
        "tempo":113.6276666667,
        "valence":0.5443333333
    },
    "House":{
        "size":1,
        "year":1978.0,
        "popularity":6.0,
        "duration":199863.0,
        "acousticness":0.00705,
        "danceability":0.658,
        "energy":0.808,
        "instrumentalness":0.332,
        "liveness":0.255,
        "loudness":-8.546,
        "speechiness":0.0349,
        "tempo":129.983,
        "valence":0.298
    },
    "Jazz":{
        "size":12,
        "year":1966.0,
        "popularity":48.5,
        "duration":229029.5833333333,
        "acousticness":0.6758083333,
        "danceability":0.4295833333,
        "energy":0.3056583333,
        "instrumentalness":0.1010836108,
        "liveness":0.2262583333,
        "loudness":-14.56125,
        "speechiness":0.0445416667,
        "tempo":109.7868333333,
        "valence":0.407475
    },
    "Karaoke":{
        "size":16,
        "year":1973.4375,
        "popularity":1.6875,
        "duration":206256.0,
        "acousticness":0.24280125,
        "danceability":0.544375,
        "energy":0.468375,
        "instrumentalness":0.63878125,
        "liveness":0.19469375,
        "loudness":-12.6939375,
        "speechiness":0.03733125,
        "tempo":125.4561875,
        "valence":0.55525
    },
    "Nederpop":{
        "size":55,
        "year":1971.2909090909,
        "popularity":23.5454545455,
        "duration":214628.0909090909,
        "acousticness":0.3242352727,
        "danceability":0.4894727273,
        "energy":0.5952363636,
        "instrumentalness":0.0749356105,
        "liveness":0.2213254545,
        "loudness":-9.5510181818,
        "speechiness":0.0458436364,
        "tempo":123.8002,
        "valence":0.5924181818
    },
    "Other":{
        "size":271,
        "year":1975.815498155,
        "popularity":32.4907749077,
        "duration":231449.2841328413,
        "acousticness":0.4082039266,
        "danceability":0.5411369004,
        "energy":0.5265535055,
        "instrumentalness":0.1044017323,
        "liveness":0.2061402214,
        "loudness":-10.6978523985,
        "speechiness":0.0471579336,
        "tempo":116.419202952,
        "valence":0.5558084871
    },
    "Pop":{
        "size":146,
        "year":1980.9315068493,
        "popularity":51.3630136986,
        "duration":250505.6506849315,
        "acousticness":0.4000634932,
        "danceability":0.5680342466,
        "energy":0.559119863,
        "instrumentalness":0.044280902,
        "liveness":0.1845568493,
        "loudness":-9.3287876712,
        "speechiness":0.0439917808,
        "tempo":121.2812876712,
        "valence":0.5349123288
    },
    "Reggae":{
        "size":8,
        "year":1983.625,
        "popularity":54.875,
        "duration":252234.75,
        "acousticness":0.13119625,
        "danceability":0.802125,
        "energy":0.570375,
        "instrumentalness":0.1094565125,
        "liveness":0.1182,
        "loudness":-10.774125,
        "speechiness":0.096175,
        "tempo":117.517125,
        "valence":0.853125
    },
    "Rock":{
        "size":229,
        "year":1981.1222707424,
        "popularity":51.4628820961,
        "duration":260756.2183406113,
        "acousticness":0.3171942983,
        "danceability":0.5505283843,
        "energy":0.5714751092,
        "instrumentalness":0.0522707961,
        "liveness":0.198030131,
        "loudness":-9.8802751092,
        "speechiness":0.0454519651,
        "tempo":117.3219781659,
        "valence":0.5520484716
    },
    "Rock-and-roll":{
        "size":101,
        "year":1963.297029703,
        "popularity":47.0099009901,
        "duration":161661.2079207921,
        "acousticness":0.5239605941,
        "danceability":0.5320693069,
        "energy":0.5361386139,
        "instrumentalness":0.0781870982,
        "liveness":0.2272118812,
        "loudness":-9.9238514851,
        "speechiness":0.0467287129,
        "tempo":116.3156831683,
        "valence":0.6853861386
    },
    "Singer-songwriter":{
        "size":3,
        "year":1976.3333333333,
        "popularity":34.0,
        "duration":192711.0,
        "acousticness":0.7,
        "danceability":0.5803333333,
        "energy":0.3993333333,
        "instrumentalness":0.0406166667,
        "liveness":0.1458,
        "loudness":-12.43,
        "speechiness":0.0310333333,
        "tempo":107.695,
        "valence":0.4376666667
    },
    "Soft rock":{
        "size":249,
        "year":1979.9397590361,
        "popularity":55.2208835341,
        "duration":246418.9638554217,
        "acousticness":0.3667548594,
        "danceability":0.5529196787,