{
    "Blues":{
        "size":2,
        "year":1971.5,
        "popularity":37.5,
        "duration":249679.5,
        "acousticness":0.2878,
        "danceability":0.687,
        "energy":0.676,
        "instrumentalness":0.004865,
        "liveness":0.28855,
        "loudness":-8.975,
        "speechiness":0.0461,
        "tempo":112.679,
        "valence":0.6105
    },
    "Chanson":{
        "size":14,
        "year":1967.7142857143,
        "popularity":42.5714285714,
        "duration":197762.5714285714,
        "acousticness":0.5830714286,
        "danceability":0.4257857143,
        "energy":0.4236428571,
        "instrumentalness":0.00781168,
        "liveness":0.23755,
        "loudness":-10.307,
        "speechiness":0.0419571429,
        "tempo":114.859,
        "valence":0.5245714286
    },
    "Classic rock":{
        "size":611,
        "year":1973.4697217676,
        "popularity":55.4779050736,
        "duration":249033.2520458265,
        "acousticness":0.3228266239,
        "danceability":0.532507365,
        "energy":0.5831230769,
        "instrumentalness":0.0573848668,
        "liveness":0.1874263502,
        "loudness":-9.9861718494,
        "speechiness":0.0464810147,
        "tempo":121.6277675941,
        "valence":0.5872657938
    },
    "Country":{
        "size":4,
        "year":1973.0,
        "popularity":53.25,
        "duration":188109.75,
        "acousticness":0.68725,
        "danceability":0.57975,
        "energy":0.43325,
        "instrumentalness":0.00005325,
        "liveness":0.3825,
        "loudness":-11.0055,
        "speechiness":0.076725,
        "tempo":112.16675,
        "valence":0.7295
    },
    "Disco":{
        "size":13,
        "year":1980.1538461538,
        "popularity":49.0769230769,
        "duration":283842.3846153846,
        "acousticness":0.1386951538,
        "danceability":0.712,
        "energy":0.7705384615,
        "instrumentalness":0.1343015554,
        "liveness":0.2092846154,
        "loudness":-8.9638461538,
        "speechiness":0.0692615385,
        "tempo":126.0120769231,
        "valence":0.7494615385
    },
    "Dutch rock":{
        "size":174,
        "year":1983.7471264368,
        "popularity":28.6896551724,
        "duration":240702.0402298851,
        "acousticness":0.3678926494,
        "danceability":0.5157298851,
        "energy":0.5317293103,
        "instrumentalness":0.018077168,
        "liveness":0.2760298851,
        "loudness":-10.8109310345,
        "speechiness":0.0556327586,
        "tempo":115.9660977011,
        "valence":0.4957747126
    },
    "Electronica\/dance":{
        "size":1,
        "year":1979.0,
        "popularity":20.0,
        "duration":93373.0,
        "acousticness":0.000013,
        "danceability":0.187,
        "energy":0.993,
        "instrumentalness":0.0229,
        "liveness":0.421,
        "loudness":-2.747,
        "speechiness":0.116,
        "tempo":102.145,
        "valence":0.0666
    },
    "Folk":{
        "size":13,
        "year":1968.4615384615,
        "popularity":37.2307692308,
        "duration":208846.8461538462,
        "acousticness":0.6549623077,
        "danceability":0.463,
        "energy":0.4094923077,
        "instrumentalness":0.0092312654,
        "liveness":0.2063153846,
        "loudness":-10.7672307692,
        "speechiness":0.0593,
        "tempo":111.5581538462,
        "valence":0.5413846154
    },
    "House":{
        "size":1,
        "year":1978.0,
        "popularity":6.0,
        "duration":199863.0,
        "acousticness":0.00705,
        "danceability":0.658,
        "energy":0.808,
        "instrumentalness":0.332,
        "liveness":0.255,
        "loudness":-8.546,
        "speechiness":0.0349,
        "tempo":129.983,
        "valence":0.298
    },
    "Jazz":{
        "size":12,
        "year":1972.25,
        "popularity":52.0,
        "duration":241669.5,
        "acousticness":0.7948333333,
        "danceability":0.4995833333,
        "energy":0.274825,
        "instrumentalness":0.1087135742,
        "liveness":0.21575,
        "loudness":-14.55475,
        "speechiness":0.0452666667,
        "tempo":114.3941666667,
        "valence":0.4543333333
    },
    "Karaoke":{
        "size":14,
        "year":1973.0,
        "popularity":1.8571428571,
        "duration":204194.8571428571,
        "acousticness":0.2053014286,
        "danceability":0.5564285714,
        "energy":0.4725714286,
        "instrumentalness":0.6661071429,
        "liveness":0.2052928571,
        "loudness":-12.9861428571,
        "speechiness":0.0383428571,
        "tempo":126.8740714286,
        "valence":0.5724285714
    },
    "Nederpop":{
        "size":55,
        "year":1971.7818181818,
        "popularity":23.1454545455,
        "duration":218436.8,
        "acousticness":0.3177298182,
        "danceability":0.4672909091,
        "energy":0.5851090909,
        "instrumentalness":0.0723862231,
        "liveness":0.2314581818,
        "loudness":-9.4348363636,
        "speechiness":0.0446563636,
        "tempo":123.2862363636,
        "valence":0.5776909091
    },
    "Other":{
        "size":260,
        "year":1976.1692307692,
        "popularity":33.5192307692,
        "duration":233033.0,
        "acousticness":0.3966060542,
        "danceability":0.5357311538,
        "energy":0.5322380769,
        "instrumentalness":0.0959786935,
        "liveness":0.2130323077,
        "loudness":-10.5059038462,
        "speechiness":0.0471107692,
        "tempo":116.5915346154,
        "valence":0.5492619231
    },
    "Pop":{
        "size":152,
        "year":1981.6381578947,
        "popularity":51.4407894737,
        "duration":252253.3618421053,
        "acousticness":0.3952879605,
        "danceability":0.5716315789,
        "energy":0.5718782895,
        "instrumentalness":0.046101842,
        "liveness":0.1878355263,
        "loudness":-9.1422828947,
        "speechiness":0.0445901316,
        "tempo":121.2345789474,
        "valence":0.5323960526
    },
    "Reggae":{
        "size":7,
        "year":1985.1428571429,
        "popularity":56.0,
        "duration":260043.5714285714,
        "acousticness":0.1172242857,
        "danceability":0.8028571429,
        "energy":0.5698571429,
        "instrumentalness":0.1250931571,
        "liveness":0.1264857143,
        "loudness":-11.275,
        "speechiness":0.0566285714,
        "tempo":123.1362857143,
        "valence":0.8587142857
    },
    "Rock":{
        "size":235,
        "year":1981.2680851064,
        "popularity":51.3872340426,
        "duration":259772.3063829787,
        "acousticness":0.3123712949,
        "danceability":0.5494595745,
        "energy":0.5727906383,
        "instrumentalness":0.0507164923,
        "liveness":0.1949689362,
        "loudness":-9.8549957447,
        "speechiness":0.0451178723,
        "tempo":117.7780851064,
        "valence":0.5494046809
    },
    "Rock-and-roll":{
        "size":81,
        "year":1963.7654320988,
        "popularity":47.962962963,
        "duration":164045.1358024691,
        "acousticness":0.5122866667,
        "danceability":0.5204691358,
        "energy":0.5363604938,
        "instrumentalness":0.0859728306,
        "liveness":0.2442654321,
        "loudness":-9.8264320988,
        "speechiness":0.0476691358,
        "tempo":115.4624814815,
        "valence":0.6722469136
    },
    "Singer-songwriter":{
        "size":3,
        "year":1976.3333333333,
        "popularity":34.0,
        "duration":192711.0,
        "acousticness":0.7,
        "danceability":0.5803333333,
        "energy":0.3993333333,
        "instrumentalness":0.0406166667,
        "liveness":0.1458,
        "loudness":-12.43,
        "speechiness":0.0310333333,
        "tempo":107.695,
        "valence":0.4376666667
    },
    "Soft rock":{
        "size":253,
        "year":1979.9841897233,
        "popularity":54.95256917,
        "duration":246085.233201581,
        "acousticness":0.3619574704,