{
    "Blues":{
        "size":1,
        "year":1977.0,
        "popularity":40.0,
        "duration":304533.0,
        "acousticness":0.0756,
        "danceability":0.86,
        "energy":0.666,
        "instrumentalness":0.00973,
        "liveness":0.0501,
        "loudness":-8.492,
        "speechiness":0.0375,
        "tempo":98.296,
        "valence":0.473
    },
    "Chanson":{
        "size":15,
        "year":1967.6666666667,
        "popularity":42.1333333333,
        "duration":203734.8,
        "acousticness":0.5689333333,
        "danceability":0.4296666667,
        "energy":0.4228,
        "instrumentalness":0.0072940013,
        "liveness":0.24178,
        "loudness":-10.2422,
        "speechiness":0.04114,
        "tempo":114.6850666667,
        "valence":0.5252
    },
    "Classic rock":{
        "size":598,
        "year":1973.4581939799,
        "popularity":55.7224080268,
        "duration":253660.8060200669,
        "acousticness":0.3287570538,
        "danceability":0.5257190635,
        "energy":0.5759456522,
        "instrumentalness":0.0605063503,
        "liveness":0.1886342809,
        "loudness":-10.1107725753,
        "speechiness":0.0464954849,
        "tempo":121.4315852843,
        "valence":0.5770807692
    },
    "Country":{
        "size":5,
        "year":1973.4,
        "popularity":53.6,
        "duration":182439.8,
        "acousticness":0.7074,
        "danceability":0.5672,
        "energy":0.3958,
        "instrumentalness":0.0002526,
        "liveness":0.3326,
        "loudness":-11.2028,
        "speechiness":0.06754,
        "tempo":110.7814,
        "valence":0.6886
    },
    "Disco":{
        "size":10,
        "year":1980.0,
        "popularity":47.5,
        "duration":264725.9,
        "acousticness":0.140189,
        "danceability":0.6701,
        "energy":0.7783,
        "instrumentalness":0.090468982,
        "liveness":0.26614,
        "loudness":-8.7853,
        "speechiness":0.05735,
        "tempo":125.2151,
        "valence":0.7955
    },
    "Dutch rock":{
        "size":195,
        "year":1984.6051282051,
        "popularity":28.8256410256,
        "duration":239019.6871794872,
        "acousticness":0.3727625692,
        "danceability":0.5088820513,
        "energy":0.5362302564,
        "instrumentalness":0.0132323772,
        "liveness":0.2820794872,
        "loudness":-10.5053897436,
        "speechiness":0.0512538462,
        "tempo":116.3056410256,
        "valence":0.4826451282
    },
    "Electronica\/dance":{
        "size":1,
        "year":1979.0,
        "popularity":20.0,
        "duration":93373.0,
        "acousticness":0.000013,
        "danceability":0.187,
        "energy":0.993,
        "instrumentalness":0.0229,
        "liveness":0.421,
        "loudness":-2.747,
        "speechiness":0.116,
        "tempo":102.145,
        "valence":0.0666
    },
    "Folk":{
        "size":15,
        "year":1971.3333333333,
        "popularity":36.8,
        "duration":213593.4666666667,
        "acousticness":0.6073673333,
        "danceability":0.4446,
        "energy":0.41496,
        "instrumentalness":0.0080005807,
        "liveness":0.20974,
        "loudness":-10.5967333333,
        "speechiness":0.05628,
        "tempo":114.1207333333,
        "valence":0.5142
    },
    "Hip-hop":{
        "size":1,
        "year":1999.0,
        "popularity":45.0,
        "duration":268306.0,
        "acousticness":0.878,
        "danceability":0.327,
        "energy":0.426,
        "instrumentalness":0.000997,
        "liveness":0.18,
        "loudness":-11.576,
        "speechiness":0.027,
        "tempo":93.949,
        "valence":0.169
    },
    "House":{
        "size":1,
        "year":1978.0,
        "popularity":6.0,
        "duration":199863.0,
        "acousticness":0.00705,
        "danceability":0.658,
        "energy":0.808,
        "instrumentalness":0.332,
        "liveness":0.255,
        "loudness":-8.546,
        "speechiness":0.0349,
        "tempo":129.983,
        "valence":0.298
    },
    "Jazz":{
        "size":14,
        "year":1975.9285714286,
        "popularity":53.0,
        "duration":243335.7142857143,
        "acousticness":0.8116428571,
        "danceability":0.4885714286,
        "energy":0.2577714286,
        "instrumentalness":0.0935738579,
        "liveness":0.1997142857,
        "loudness":-14.3922857143,
        "speechiness":0.0430142857,
        "tempo":114.7167857143,
        "valence":0.4225714286
    },
    "Karaoke":{
        "size":14,
        "year":1973.0,
        "popularity":1.8571428571,
        "duration":204194.8571428571,
        "acousticness":0.2053014286,
        "danceability":0.5564285714,
        "energy":0.4725714286,
        "instrumentalness":0.6661071429,
        "liveness":0.2052928571,
        "loudness":-12.9861428571,
        "speechiness":0.0383428571,
        "tempo":126.8740714286,
        "valence":0.5724285714
    },
    "Metal":{
        "size":2,
        "year":2002.5,
        "popularity":58.5,
        "duration":296406.5,
        "acousticness":0.44235,
        "danceability":0.3095,
        "energy":0.4255,
        "instrumentalness":0.000448,
        "liveness":0.188,
        "loudness":-7.518,
        "speechiness":0.0318,
        "tempo":92.0345,
        "valence":0.1255
    },
    "Nederpop":{
        "size":61,
        "year":1972.1967213115,
        "popularity":23.0163934426,
        "duration":217874.8852459016,
        "acousticness":0.3167803279,
        "danceability":0.4660819672,
        "energy":0.5962295082,
        "instrumentalness":0.0683115746,
        "liveness":0.2288377049,
        "loudness":-9.4864918033,
        "speechiness":0.0464229508,
        "tempo":122.9740819672,
        "valence":0.5824262295
    },
    "Other":{
        "size":247,
        "year":1976.6032388664,
        "popularity":32.3522267206,
        "duration":234708.3927125506,
        "acousticness":0.403433296,
        "danceability":0.5331137652,
        "energy":0.5281052632,
        "instrumentalness":0.088810896,
        "liveness":0.2191251012,
        "loudness":-10.359388664,
        "speechiness":0.047117004,
        "tempo":116.4758340081,
        "valence":0.5431623482
    },
    "Pop":{
        "size":159,
        "year":1981.7672955975,
        "popularity":50.6666666667,
        "duration":249294.8364779874,
        "acousticness":0.4085557862,
        "danceability":0.5686037736,
        "energy":0.5627327044,
        "instrumentalness":0.0432557192,
        "liveness":0.1887201258,
        "loudness":-9.1933396226,
        "speechiness":0.0433886792,
        "tempo":120.510509434,
        "valence":0.5300993711
    },
    "Reggae":{
        "size":7,
        "year":1985.1428571429,
        "popularity":56.0,
        "duration":260043.5714285714,
        "acousticness":0.1172242857,
        "danceability":0.8028571429,
        "energy":0.5698571429,
        "instrumentalness":0.1250931571,
        "liveness":0.1264857143,
        "loudness":-11.275,
        "speechiness":0.0566285714,
        "tempo":123.1362857143,
        "valence":0.8587142857
    },
    "Rock":{
        "size":250,
        "year":1982.44,
        "popularity":51.92,
        "duration":264318.408,
        "acousticness":0.3195596912,
        "danceability":0.54428,
        "energy":0.5761352,
        "instrumentalness":0.054950845,
        "liveness":0.189318,
        "loudness":-9.738148,
        "speechiness":0.043512,
        "tempo":118.535632,
        "valence":0.539146
    },
    "Rock-and-roll":{
        "size":77,
        "year":1964.0649350649,
        "popularity":49.012987013,
        "duration":164452.7142857143,
        "acousticness":0.4962002597,
        "danceability":0.5256103896,
        "energy":0.5279636364,
        "instrumentalness":0.0904285052,
        "liveness":0.2470012987,
        "loudness":-9.9609480519,
        "speechiness":0.0502649351,
        "tempo":113.7852207792,