{
    "Blues":{
        "size":1,
        "release_year":1977.0,
        "popularity":40.0,
        "duration":304533.0,
        "acousticness":0.0756,
        "danceability":0.86,
        "energy":0.666,
        "instrumentalness":0.00973,
        "liveness":0.0501,
        "loudness":-8.492,
        "speechiness":0.0375,
        "tempo":98.296,
        "valence":0.473
    },
    "Chanson":{
        "size":12,
        "release_year":1967.1666666667,
        "popularity":43.8333333333,
        "duration":196608.5,
        "acousticness":0.6066666667,
        "danceability":0.4345,
        "energy":0.4388333333,
        "instrumentalness":0.00884596,
        "liveness":0.26375,
        "loudness":-9.6926666667,
        "speechiness":0.0421333333,
        "tempo":114.2529166667,
        "valence":0.5494166667
    },
    "Classic rock":{
        "size":607,
        "release_year":1974.3327841845,
        "popularity":56.4810543657,
        "duration":257900.6342668863,
        "acousticness":0.3233966659,
        "danceability":0.52615486,
        "energy":0.5822775947,
        "instrumentalness":0.0636801514,
        "liveness":0.1887739703,
        "loudness":-9.9848896211,
        "speechiness":0.0464001647,
        "tempo":120.8200263591,
        "valence":0.5687515651
    },
    "Country":{
        "size":6,
        "release_year":1983.1666666667,
        "popularity":52.3333333333,
        "duration":203622.0,
        "acousticness":0.666,
        "danceability":0.5433333333,
        "energy":0.4258333333,
        "instrumentalness":0.0000733333,
        "liveness":0.3041333333,
        "loudness":-9.6733333333,
        "speechiness":0.0608333333,
        "tempo":113.185,
        "valence":0.5301666667
    },
    "Disco":{
        "size":5,
        "release_year":1980.6,
        "popularity":46.4,
        "duration":234839.6,
        "acousticness":0.19242,
        "danceability":0.695,
        "energy":0.7674,
        "instrumentalness":0.04370726,
        "liveness":0.31694,
        "loudness":-8.8418,
        "speechiness":0.07464,
        "tempo":125.4636,
        "valence":0.7484
    },
    "Dutch rock":{
        "size":252,
        "release_year":1990.6587301587,
        "popularity":29.7222222222,
        "duration":239121.5198412699,
        "acousticness":0.3442524603,
        "danceability":0.5018095238,
        "energy":0.5549698413,
        "instrumentalness":0.0105252749,
        "liveness":0.2944587302,
        "loudness":-9.6448373016,
        "speechiness":0.0474333333,
        "tempo":118.2634246032,
        "valence":0.4662555556
    },
    "Electronica\/dance":{
        "size":1,
        "release_year":1979.0,
        "popularity":20.0,
        "duration":93373.0,
        "acousticness":0.000013,
        "danceability":0.187,
        "energy":0.993,
        "instrumentalness":0.0229,
        "liveness":0.421,
        "loudness":-2.747,
        "speechiness":0.116,
        "tempo":102.145,
        "valence":0.0666
    },
    "Folk":{
        "size":11,
        "release_year":1975.1818181818,
        "popularity":41.5454545455,
        "duration":255742.7272727273,
        "acousticness":0.6118463636,
        "danceability":0.4341818182,
        "energy":0.4528181818,
        "instrumentalness":0.0219050591,
        "liveness":0.2285545455,
        "loudness":-9.9490909091,
        "speechiness":0.0647272727,
        "tempo":127.0,
        "valence":0.4817272727
    },
    "Hip-hop":{
        "size":2,
        "release_year":1995.0,
        "popularity":53.0,
        "duration":288366.0,
        "acousticness":0.45865,
        "danceability":0.4595,
        "energy":0.6305,
        "instrumentalness":0.1049985,
        "liveness":0.4225,
        "loudness":-10.0255,
        "speechiness":0.0295,
        "tempo":104.1925,
        "valence":0.436
    },
    "House":{
        "size":2,
        "release_year":1993.0,
        "popularity":7.0,
        "duration":338344.5,
        "acousticness":0.0035713,
        "danceability":0.6595,
        "energy":0.724,
        "instrumentalness":0.3645,
        "liveness":0.16705,
        "loudness":-8.504,
        "speechiness":0.04695,
        "tempo":129.9915,
        "valence":0.312
    },
    "Jazz":{
        "size":12,
        "release_year":1977.3333333333,
        "popularity":54.8333333333,
        "duration":254402.8333333333,
        "acousticness":0.7988333333,
        "danceability":0.4965833333,
        "energy":0.252725,
        "instrumentalness":0.0361695008,
        "liveness":0.1956666667,
        "loudness":-14.5944166667,
        "speechiness":0.043125,
        "tempo":120.2305,
        "valence":0.44275
    },
    "Karaoke":{
        "size":14,
        "release_year":1979.0,
        "popularity":1.9285714286,
        "duration":208225.0,
        "acousticness":0.2790085714,
        "danceability":0.574,
        "energy":0.4511642857,
        "instrumentalness":0.6863357143,
        "liveness":0.1958928571,
        "loudness":-13.7409285714,
        "speechiness":0.03945,
        "tempo":118.8726428571,
        "valence":0.5274214286
    },
    "Metal":{
        "size":3,
        "release_year":2004.3333333333,
        "popularity":62.6666666667,
        "duration":296799.6666666667,
        "acousticness":0.3019666667,
        "danceability":0.4396666667,
        "energy":0.5716666667,
        "instrumentalness":0.0002986667,
        "liveness":0.1572,
        "loudness":-6.2216666667,
        "speechiness":0.0306333333,
        "tempo":95.6886666667,
        "valence":0.3793333333
    },
    "Nederpop":{
        "size":40,
        "release_year":1974.625,
        "popularity":26.5,
        "duration":227696.1,
        "acousticness":0.280955075,
        "danceability":0.487175,
        "energy":0.603625,
        "instrumentalness":0.0918935578,
        "liveness":0.222985,
        "loudness":-9.3234,
        "speechiness":0.0459525,
        "tempo":127.73285,
        "valence":0.57445
    },
    "Other":{
        "size":179,
        "release_year":1980.625698324,
        "popularity":35.374301676,
        "duration":241776.9329608938,
        "acousticness":0.3803142654,
        "danceability":0.5411452514,
        "energy":0.5461396648,
        "instrumentalness":0.109855911,
        "liveness":0.2174458101,
        "loudness":-10.0464413408,
        "speechiness":0.0475988827,
        "tempo":115.7387988827,
        "valence":0.5337871508
    },
    "Pop":{
        "size":179,
        "release_year":1989.905027933,
        "popularity":55.0391061453,
        "duration":258363.4189944134,
        "acousticness":0.3646677095,
        "danceability":0.5674022346,
        "energy":0.5882905028,
        "instrumentalness":0.0496899077,
        "liveness":0.1771608939,
        "loudness":-8.3003910615,
        "speechiness":0.0417139665,
        "tempo":120.2796927374,
        "valence":0.4887134078
    },
    "Rap":{
        "size":3,
        "release_year":2004.3333333333,
        "popularity":63.6666666667,
        "duration":194964.3333333333,
        "acousticness":0.3629666667,
        "danceability":0.6136666667,
        "energy":0.4453333333,
        "instrumentalness":0.1326670067,
        "liveness":0.5883333333,
        "loudness":-10.055,
        "speechiness":0.0772666667,
        "tempo":91.1206666667,
        "valence":0.3816666667
    },
    "Reggae":{
        "size":7,
        "release_year":1984.2857142857,
        "popularity":55.2857142857,
        "duration":242514.0,
        "acousticness":0.0853671429,
        "danceability":0.8044285714,
        "energy":0.5398571429,
        "instrumentalness":0.1182788714,
        "liveness":0.1237857143,
        "loudness":-11.606,
        "speechiness":0.1012285714,
        "tempo":121.2977142857,
        "valence":0.859
    },
    "Rock":{
        "size":317,
        "release_year":1987.2870662461,
        "popularity":54.9810725552,
        "duration":266063.2649842271,
        "acousticness":0.2743909489,