{
    "Blues":{
        "size":1,
        "year":1977.0,
        "popularity":40.0,
        "duration":304533.0,
        "acousticness":0.0756,
        "danceability":0.86,
        "energy":0.666,
        "instrumentalness":0.00973,
        "liveness":0.0501,
        "loudness":-8.492,
        "speechiness":0.0375,
        "tempo":98.296,
        "valence":0.473
    },
    "Chanson":{
        "size":12,
        "year":1967.1666666667,
        "popularity":43.8333333333,
        "duration":196608.5,
        "acousticness":0.6066666667,
        "danceability":0.4345,
        "energy":0.4388333333,
        "instrumentalness":0.00884596,
        "liveness":0.26375,
        "loudness":-9.6926666667,
        "speechiness":0.0421333333,
        "tempo":114.2529166667,
        "valence":0.5494166667
    },
    "Classic rock":{
        "size":598,
        "year":1974.6872909699,
        "popularity":56.5869565217,
        "duration":260810.2842809365,
        "acousticness":0.3220853646,
        "danceability":0.5268461538,
        "energy":0.5807399666,
        "instrumentalness":0.0636053852,
        "liveness":0.1888640468,
        "loudness":-10.0838093645,
        "speechiness":0.0469899666,
        "tempo":120.6289866221,
        "valence":0.5647369565
    },
    "Country":{
        "size":5,
        "year":1979.0,
        "popularity":57.4,
        "duration":193794.4,
        "acousticness":0.6796,
        "danceability":0.5706,
        "energy":0.425,
        "instrumentalness":0.000088,
        "liveness":0.32496,
        "loudness":-10.3316,
        "speechiness":0.06672,
        "tempo":107.8092,
        "valence":0.6162
    },
    "Disco":{
        "size":2,
        "year":1981.5,
        "popularity":54.0,
        "duration":218713.0,
        "acousticness":0.2379,
        "danceability":0.7235,
        "energy":0.7945,
        "instrumentalness":0.00002865,
        "liveness":0.5135,
        "loudness":-8.657,
        "speechiness":0.0969,
        "tempo":127.9905,
        "valence":0.663
    },
    "Dutch rock":{
        "size":271,
        "year":1992.4944649446,
        "popularity":29.0701107011,
        "duration":241356.7232472325,
        "acousticness":0.3329237048,
        "danceability":0.4944797048,
        "energy":0.5577339483,
        "instrumentalness":0.0099752529,
        "liveness":0.3123077491,
        "loudness":-9.4438302583,
        "speechiness":0.0465826568,
        "tempo":117.7395571956,
        "valence":0.4530605166
    },
    "Electronica\/dance":{
        "size":2,
        "year":1995.0,
        "popularity":26.5,
        "duration":161679.5,
        "acousticness":0.0422565,
        "danceability":0.437,
        "energy":0.9125,
        "instrumentalness":0.0189,
        "liveness":0.287,
        "loudness":-4.5865,
        "speechiness":0.07945,
        "tempo":118.0785,
        "valence":0.1738
    },
    "Folk":{
        "size":9,
        "year":1977.4444444444,
        "popularity":44.8888888889,
        "duration":257738.8888888889,
        "acousticness":0.56559,
        "danceability":0.4223333333,
        "energy":0.471,
        "instrumentalness":0.0135506278,
        "liveness":0.2500111111,
        "loudness":-9.5676666667,
        "speechiness":0.0693888889,
        "tempo":126.2003333333,
        "valence":0.4404444444
    },
    "Hip-hop":{
        "size":2,
        "year":1995.0,
        "popularity":53.0,
        "duration":288366.0,
        "acousticness":0.45865,
        "danceability":0.4595,
        "energy":0.6305,
        "instrumentalness":0.1049985,
        "liveness":0.4225,
        "loudness":-10.0255,
        "speechiness":0.0295,
        "tempo":104.1925,
        "valence":0.436
    },
    "House":{
        "size":2,
        "year":1993.0,
        "popularity":7.0,
        "duration":338344.5,
        "acousticness":0.0035713,
        "danceability":0.6595,
        "energy":0.724,
        "instrumentalness":0.3645,
        "liveness":0.16705,
        "loudness":-8.504,
        "speechiness":0.04695,
        "tempo":129.9915,
        "valence":0.312
    },
    "Jazz":{
        "size":12,
        "year":1977.3333333333,
        "popularity":54.8333333333,
        "duration":254402.8333333333,
        "acousticness":0.7988333333,
        "danceability":0.4965833333,
        "energy":0.252725,
        "instrumentalness":0.0361695008,
        "liveness":0.1956666667,
        "loudness":-14.5944166667,
        "speechiness":0.043125,
        "tempo":120.2305,
        "valence":0.44275
    },
    "Karaoke":{
        "size":11,
        "year":1983.0,
        "popularity":2.9090909091,
        "duration":213540.1818181818,
        "acousticness":0.3639072727,
        "danceability":0.5824545455,
        "energy":0.4035727273,
        "instrumentalness":0.7548181818,
        "liveness":0.1773,
        "loudness":-13.9304545455,
        "speechiness":0.0398545455,
        "tempo":110.5104545455,
        "valence":0.4843545455
    },
    "Metal":{
        "size":4,
        "year":2003.75,
        "popularity":58.5,
        "duration":302246.25,
        "acousticness":0.2358,
        "danceability":0.39525,
        "energy":0.57025,
        "instrumentalness":0.0007865,
        "liveness":0.14615,
        "loudness":-6.64425,
        "speechiness":0.03105,
        "tempo":94.8645,
        "valence":0.3215
    },
    "Nederpop":{
        "size":36,
        "year":1978.6666666667,
        "popularity":27.1666666667,
        "duration":227999.3888888889,
        "acousticness":0.3039,
        "danceability":0.5096944444,
        "energy":0.6212777778,
        "instrumentalness":0.1006806919,
        "liveness":0.2228805556,
        "loudness":-8.9326388889,
        "speechiness":0.0471,
        "tempo":132.2058333333,
        "valence":0.5900277778
    },
    "Other":{
        "size":177,
        "year":1983.4519774011,
        "popularity":35.4350282486,
        "duration":243030.3220338983,
        "acousticness":0.3865168559,
        "danceability":0.5429310734,
        "energy":0.5408079096,
        "instrumentalness":0.1060523329,
        "liveness":0.2175033898,
        "loudness":-9.9135875706,
        "speechiness":0.0444022599,
        "tempo":116.1224463277,
        "valence":0.5198757062
    },
    "Pop":{
        "size":187,
        "year":1992.6310160428,
        "popularity":57.4385026738,
        "duration":262616.3315508022,
        "acousticness":0.3505081684,
        "danceability":0.5827807487,
        "energy":0.591144385,
        "instrumentalness":0.0397268916,
        "liveness":0.1729411765,
        "loudness":-8.1575614973,
        "speechiness":0.0431572193,
        "tempo":121.0350213904,
        "valence":0.4812550802
    },
    "Rap":{
        "size":4,
        "year":1998.0,
        "popularity":61.25,
        "duration":253063.25,
        "acousticness":0.388475,
        "danceability":0.68525,
        "energy":0.54525,
        "instrumentalness":0.099500255,
        "liveness":0.45935,
        "loudness":-9.36775,
        "speechiness":0.1222,
        "tempo":96.13725,
        "valence":0.51475
    },
    "Reggae":{
        "size":6,
        "year":1984.0,
        "popularity":57.5,
        "duration":209373.0,
        "acousticness":0.0866116667,
        "danceability":0.8126666667,
        "energy":0.5266666667,
        "instrumentalness":0.1373620167,
        "liveness":0.1327333333,
        "loudness":-11.4275,
        "speechiness":0.1114833333,
        "tempo":124.516,
        "valence":0.8533333333
    },
    "Rock":{
        "size":345,
        "year":1988.7043478261,
        "popularity":56.2,
        "duration":267562.6347826087,
        "acousticness":0.2531351169,
        "danceability":0.5248115942,
        "energy":0.6271211594,
        "instrumentalness":0.0535277597,
        "liveness":0.1867510145,
        "loudness":-8.6810086957,
        "speechiness":0.0455950725,
        "tempo":119.3595971014,
        "valence":0.5057614493
    },