{
    "Blues":{
        "size":1,
        "release_year":1977.0,
        "popularity":40.0,
        "duration":304533.0,
        "acousticness":0.0756,
        "danceability":0.86,
        "energy":0.666,
        "instrumentalness":0.00973,
        "liveness":0.0501,
        "loudness":-8.492,
        "speechiness":0.0375,
        "tempo":98.296,
        "valence":0.473
    },
    "Chanson":{
        "size":11,
        "release_year":1966.8181818182,
        "popularity":45.4545454545,
        "duration":204541.4545454546,
        "acousticness":0.5927272727,
        "danceability":0.4285454545,
        "energy":0.4442727273,
        "instrumentalness":0.0096475382,
        "liveness":0.2574545455,
        "loudness":-9.7277272727,
        "speechiness":0.0435545455,
        "tempo":113.6672727273,
        "valence":0.5507272727
    },
    "Classic rock":{
        "size":581,
        "release_year":1975.0309810671,
        "popularity":56.8313253012,
        "duration":263817.8691910499,
        "acousticness":0.3191047384,
        "danceability":0.5264216867,
        "energy":0.5807994836,
        "instrumentalness":0.0675981581,
        "liveness":0.1892910499,
        "loudness":-10.0971600688,
        "speechiness":0.0457146299,
        "tempo":120.9855283993,
        "valence":0.5654022375
    },
    "Country":{
        "size":5,
        "release_year":1979.0,
        "popularity":57.4,
        "duration":193794.4,
        "acousticness":0.6796,
        "danceability":0.5706,
        "energy":0.425,
        "instrumentalness":0.000088,
        "liveness":0.32496,
        "loudness":-10.3316,
        "speechiness":0.06672,
        "tempo":107.8092,
        "valence":0.6162
    },
    "Disco":{
        "size":5,
        "release_year":1979.4,
        "popularity":54.6,
        "duration":221309.0,
        "acousticness":0.23308,
        "danceability":0.7198,
        "energy":0.8276,
        "instrumentalness":0.03525546,
        "liveness":0.27314,
        "loudness":-7.7016,
        "speechiness":0.10034,
        "tempo":120.6142,
        "valence":0.7366
    },
    "Dutch rock":{
        "size":277,
        "release_year":1993.6101083032,
        "popularity":29.6064981949,
        "duration":242357.036101083,
        "acousticness":0.3342405343,
        "danceability":0.4977220217,
        "energy":0.5552848375,
        "instrumentalness":0.0097678462,
        "liveness":0.3040155235,
        "loudness":-9.4717039711,
        "speechiness":0.0457054152,
        "tempo":117.9238050542,
        "valence":0.4555140794
    },
    "Electronica\/dance":{
        "size":2,
        "release_year":1995.0,
        "popularity":26.5,
        "duration":161679.5,
        "acousticness":0.0422565,
        "danceability":0.437,
        "energy":0.9125,
        "instrumentalness":0.0189,
        "liveness":0.287,
        "loudness":-4.5865,
        "speechiness":0.07945,
        "tempo":118.0785,
        "valence":0.1738
    },
    "Folk":{
        "size":10,
        "release_year":1976.7,
        "popularity":41.7,
        "duration":254273.0,
        "acousticness":0.588631,
        "danceability":0.4267,
        "energy":0.4594,
        "instrumentalness":0.024095565,
        "liveness":0.23611,
        "loudness":-10.2859,
        "speechiness":0.0656,
        "tempo":129.0503,
        "valence":0.4737
    },
    "Hip-hop":{
        "size":4,
        "release_year":1997.25,
        "popularity":51.5,
        "duration":249696.0,
        "acousticness":0.282375,
        "danceability":0.55925,
        "energy":0.7285,
        "instrumentalness":0.27453175,
        "liveness":0.28825,
        "loudness":-9.539,
        "speechiness":0.0335,
        "tempo":116.5105,
        "valence":0.439
    },
    "House":{
        "size":2,
        "release_year":1993.0,
        "popularity":7.0,
        "duration":338344.5,
        "acousticness":0.0035713,
        "danceability":0.6595,
        "energy":0.724,
        "instrumentalness":0.3645,
        "liveness":0.16705,
        "loudness":-8.504,
        "speechiness":0.04695,
        "tempo":129.9915,
        "valence":0.312
    },
    "Jazz":{
        "size":11,
        "release_year":1978.8181818182,
        "popularity":56.9090909091,
        "duration":259800.7272727273,
        "acousticness":0.794,
        "danceability":0.4964545455,
        "energy":0.2564272727,
        "instrumentalness":0.0390876373,
        "liveness":0.2058272727,
        "loudness":-14.2517272727,
        "speechiness":0.0425636364,
        "tempo":123.9288181818,
        "valence":0.4406363636
    },
    "Karaoke":{
        "size":11,
        "release_year":1982.6363636364,
        "popularity":3.0909090909,
        "duration":216975.0,
        "acousticness":0.3660436364,
        "danceability":0.5683636364,
        "energy":0.4076636364,
        "instrumentalness":0.7276090909,
        "liveness":0.1755727273,
        "loudness":-13.8677272727,
        "speechiness":0.0385272727,
        "tempo":116.4320909091,
        "valence":0.4356272727
    },
    "Metal":{
        "size":4,
        "release_year":2003.75,
        "popularity":58.5,
        "duration":302246.25,
        "acousticness":0.2358,
        "danceability":0.39525,
        "energy":0.57025,
        "instrumentalness":0.0007865,
        "liveness":0.14615,
        "loudness":-6.64425,
        "speechiness":0.03105,
        "tempo":94.8645,
        "valence":0.3215
    },
    "Nederpop":{
        "size":29,
        "release_year":1978.0344827586,
        "popularity":28.0689655172,
        "duration":235133.4137931034,
        "acousticness":0.3039448276,
        "danceability":0.4993793103,
        "energy":0.6032758621,
        "instrumentalness":0.0959938141,
        "liveness":0.1978517241,
        "loudness":-8.995137931,
        "speechiness":0.0477896552,
        "tempo":134.4207586207,
        "valence":0.5593103448
    },
    "Other":{
        "size":169,
        "release_year":1983.9940828402,
        "popularity":36.5207100592,
        "duration":245372.9585798817,
        "acousticness":0.3761804882,
        "danceability":0.5421485207,
        "energy":0.5409349112,
        "instrumentalness":0.1075368936,
        "liveness":0.2229994083,
        "loudness":-9.9211360947,
        "speechiness":0.0469650888,
        "tempo":114.7776982249,
        "valence":0.5183532544
    },
    "Pop":{
        "size":211,
        "release_year":1993.3412322275,
        "popularity":57.2890995261,
        "duration":260806.6777251185,
        "acousticness":0.3484752014,
        "danceability":0.5774075829,
        "energy":0.5956872038,
        "instrumentalness":0.0355699152,
        "liveness":0.172871564,
        "loudness":-8.0492322275,
        "speechiness":0.0454109005,
        "tempo":119.5729620853,
        "valence":0.473035545
    },
    "Rap":{
        "size":6,
        "release_year":1997.1666666667,
        "popularity":66.3333333333,
        "duration":247748.8333333333,
        "acousticness":0.26134,
        "danceability":0.694,
        "energy":0.5936666667,
        "instrumentalness":0.0663900033,
        "liveness":0.3554666667,
        "loudness":-9.4271666667,
        "speechiness":0.1057833333,
        "tempo":103.8066666667,
        "valence":0.5541666667
    },
    "Reggae":{
        "size":7,
        "release_year":1983.2857142857,
        "popularity":56.7142857143,
        "duration":225216.8571428571,
        "acousticness":0.13881,
        "danceability":0.8088571429,
        "energy":0.5634285714,
        "instrumentalness":0.1245531571,
        "liveness":0.1250714286,
        "loudness":-10.5022857143,
        "speechiness":0.1042428571,
        "tempo":119.7355714286,
        "valence":0.8474285714
    },
    "Rock":{
        "size":362,
        "release_year":1989.9972375691,
        "popularity":56.9447513812,
        "duration":267175.1574585635,
        "acousticness":0.2494127965,
        "danceability":0.5245911602,