{
    "Blues":{
        "size":1,
        "year":1977.0,
        "popularity":40.0,
        "duration":304533.0,
        "acousticness":0.0756,
        "danceability":0.86,
        "energy":0.666,
        "instrumentalness":0.00973,
        "liveness":0.0501,
        "loudness":-8.492,
        "speechiness":0.0375,
        "tempo":98.296,
        "valence":0.473
    },
    "Chanson":{
        "size":10,
        "year":1965.4,
        "popularity":47.8,
        "duration":202320.9,
        "acousticness":0.6434,
        "danceability":0.4104,
        "energy":0.4126,
        "instrumentalness":0.010612292,
        "liveness":0.24627,
        "loudness":-9.4878,
        "speechiness":0.04303,
        "tempo":114.386,
        "valence":0.5212
    },
    "Classic rock":{
        "size":562,
        "year":1975.5765124555,
        "popularity":57.793594306,
        "duration":269710.9021352313,
        "acousticness":0.3136401691,
        "danceability":0.5218060498,
        "energy":0.5807763345,
        "instrumentalness":0.0653440986,
        "liveness":0.1906220641,
        "loudness":-10.0154501779,
        "speechiness":0.0462514235,
        "tempo":120.7331779359,
        "valence":0.5562460854
    },
    "Country":{
        "size":4,
        "year":1976.75,
        "popularity":64.0,
        "duration":190363.0,
        "acousticness":0.63075,
        "danceability":0.58725,
        "energy":0.49125,
        "instrumentalness":0.00011,
        "liveness":0.2712,
        "loudness":-9.7105,
        "speechiness":0.0675,
        "tempo":113.03525,
        "valence":0.63225
    },
    "Disco":{
        "size":5,
        "year":1982.2,
        "popularity":55.8,
        "duration":242031.6,
        "acousticness":0.25308,
        "danceability":0.7772,
        "energy":0.7584,
        "instrumentalness":0.03506326,
        "liveness":0.27336,
        "loudness":-9.2412,
        "speechiness":0.10636,
        "tempo":126.456,
        "valence":0.7432
    },
    "Dutch rock":{
        "size":270,
        "year":1994.7296296296,
        "popularity":31.2925925926,
        "duration":243113.6555555556,
        "acousticness":0.3339744259,
        "danceability":0.5033148148,
        "energy":0.554032963,
        "instrumentalness":0.013153299,
        "liveness":0.2836559259,
        "loudness":-9.4859259259,
        "speechiness":0.0457592593,
        "tempo":117.4979962963,
        "valence":0.449512963
    },
    "Electronica\/dance":{
        "size":4,
        "year":1993.25,
        "popularity":45.25,
        "duration":263963.0,
        "acousticness":0.00088575,
        "danceability":0.4145,
        "energy":0.80175,
        "instrumentalness":0.1931,
        "liveness":0.30615,
        "loudness":-6.641,
        "speechiness":0.05475,
        "tempo":108.73025,
        "valence":0.186675
    },
    "Folk":{
        "size":7,
        "year":1981.2857142857,
        "popularity":44.8571428571,
        "duration":277693.0,
        "acousticness":0.5280442857,
        "danceability":0.3851428571,
        "energy":0.4837142857,
        "instrumentalness":0.0174194443,
        "liveness":0.2208714286,
        "loudness":-9.1378571429,
        "speechiness":0.0722,
        "tempo":128.0144285714,
        "valence":0.3734285714
    },
    "Hip-hop":{
        "size":8,
        "year":2001.875,
        "popularity":57.5,
        "duration":247770.75,
        "acousticness":0.25561125,
        "danceability":0.59125,
        "energy":0.621375,
        "instrumentalness":0.299440875,
        "liveness":0.2036125,
        "loudness":-9.46325,
        "speechiness":0.03635,
        "tempo":116.7605,
        "valence":0.413375
    },
    "House":{
        "size":4,
        "year":1997.0,
        "popularity":53.0,
        "duration":288528.25,
        "acousticness":0.0172525,
        "danceability":0.69425,
        "energy":0.78275,
        "instrumentalness":0.3052507325,
        "liveness":0.1852,
        "loudness":-6.923,
        "speechiness":0.086925,
        "tempo":125.9795,
        "valence":0.43975
    },
    "Jazz":{
        "size":9,
        "year":1986.2222222222,
        "popularity":56.1111111111,
        "duration":272694.3333333333,
        "acousticness":0.7733333333,
        "danceability":0.4963333333,
        "energy":0.2489666667,
        "instrumentalness":0.01208489,
        "liveness":0.2275555556,
        "loudness":-14.5615555556,
        "speechiness":0.0363555556,
        "tempo":127.1507777778,
        "valence":0.4404444444
    },
    "Karaoke":{
        "size":15,
        "year":1989.2,
        "popularity":2.8666666667,
        "duration":221649.6666666667,
        "acousticness":0.273144,
        "danceability":0.6046666667,
        "energy":0.4403533333,
        "instrumentalness":0.61618,
        "liveness":0.17778,
        "loudness":-13.1562666667,
        "speechiness":0.04412,
        "tempo":112.456,
        "valence":0.5145266667
    },
    "Metal":{
        "size":4,
        "year":2003.75,
        "popularity":58.5,
        "duration":302246.25,
        "acousticness":0.2358,
        "danceability":0.39525,
        "energy":0.57025,
        "instrumentalness":0.0007865,
        "liveness":0.14615,
        "loudness":-6.64425,
        "speechiness":0.03105,
        "tempo":94.8645,
        "valence":0.3215
    },
    "Nederpop":{
        "size":28,
        "year":1982.75,
        "popularity":29.8214285714,
        "duration":239261.7142857143,
        "acousticness":0.3148928571,
        "danceability":0.5108214286,
        "energy":0.5807,
        "instrumentalness":0.0992716261,
        "liveness":0.1875678571,
        "loudness":-8.5835357143,
        "speechiness":0.0483214286,
        "tempo":131.0164285714,
        "valence":0.5395357143
    },
    "Other":{
        "size":170,
        "year":1986.3294117647,
        "popularity":37.1882352941,
        "duration":246491.7470588235,
        "acousticness":0.36996267,
        "danceability":0.5425194118,
        "energy":0.5401,
        "instrumentalness":0.1113133761,
        "liveness":0.21387,
        "loudness":-9.8305294118,
        "speechiness":0.0471147059,
        "tempo":113.7596235294,
        "valence":0.4918505882
    },
    "Pop":{
        "size":216,
        "year":1997.5648148148,
        "popularity":60.375,
        "duration":264503.1805555556,
        "acousticness":0.3412373704,
        "danceability":0.581412037,
        "energy":0.5993606481,
        "instrumentalness":0.0444713356,
        "liveness":0.1646083333,
        "loudness":-7.7567222222,
        "speechiness":0.0495953704,
        "tempo":119.0245694444,
        "valence":0.4577453704
    },
    "Rap":{
        "size":9,
        "year":1999.0,
        "popularity":66.1111111111,
        "duration":247373.1111111111,
        "acousticness":0.1948733333,
        "danceability":0.6704444444,
        "energy":0.6291111111,
        "instrumentalness":0.04423164,
        "liveness":0.3090888889,
        "loudness":-8.4891111111,
        "speechiness":0.0806,
        "tempo":96.7002222222,
        "valence":0.5328888889
    },
    "Reggae":{
        "size":7,
        "year":1984.2857142857,
        "popularity":55.2857142857,
        "duration":242514.0,
        "acousticness":0.0853671429,
        "danceability":0.8044285714,
        "energy":0.5398571429,
        "instrumentalness":0.1182788714,
        "liveness":0.1237857143,
        "loudness":-11.606,
        "speechiness":0.1012285714,
        "tempo":121.2977142857,
        "valence":0.859
    },
    "Rock":{
        "size":403,
        "year":1991.7667493797,
        "popularity":58.158808933,
        "duration":268404.5210918114,
        "acousticness":0.22714308,
        "danceability":0.5217419355,
        "energy":0.6413146402,
        "instrumentalness":0.060069233,
        "liveness":0.191637469,
        "loudness":-8.2959578164,
        "speechiness":0.0458841191,
        "tempo":119.6914168734,