{
    "Blues":{
        "size":1,
        "year":1977.0,
        "popularity":40.0,
        "duration":304533.0,
        "acousticness":0.0756,
        "danceability":0.86,
        "energy":0.666,
        "instrumentalness":0.00973,
        "liveness":0.0501,
        "loudness":-8.492,
        "speechiness":0.0375,
        "tempo":98.296,
        "valence":0.473
    },
    "Chanson":{
        "size":4,
        "year":1970.0,
        "popularity":54.25,
        "duration":202096.25,
        "acousticness":0.46075,
        "danceability":0.3725,
        "energy":0.528,
        "instrumentalness":0.00000063,
        "liveness":0.3205,
        "loudness":-8.3495,
        "speechiness":0.05285,
        "tempo":125.36225,
        "valence":0.5375
    },
    "Classic rock":{
        "size":533,
        "year":1975.7692307692,
        "popularity":58.9362101313,
        "duration":273402.6772983114,
        "acousticness":0.317414304,
        "danceability":0.521206379,
        "energy":0.5785540338,
        "instrumentalness":0.062194182,
        "liveness":0.1914765478,
        "loudness":-10.0861144465,
        "speechiness":0.0474469043,
        "tempo":120.3696285178,
        "valence":0.5507786116
    },
    "Country":{
        "size":8,
        "year":1977.0,
        "popularity":58.75,
        "duration":186746.375,
        "acousticness":0.529625,
        "danceability":0.58975,
        "energy":0.514875,
        "instrumentalness":0.010662125,
        "liveness":0.3205625,
        "loudness":-9.886125,
        "speechiness":0.1208125,
        "tempo":116.31675,
        "valence":0.63
    },
    "Disco":{
        "size":4,
        "year":1982.5,
        "popularity":56.5,
        "duration":232306.25,
        "acousticness":0.20735,
        "danceability":0.758,
        "energy":0.754,
        "instrumentalness":0.000079075,
        "liveness":0.327975,
        "loudness":-9.089,
        "speechiness":0.0787,
        "tempo":130.267,
        "valence":0.765
    },
    "Dutch rock":{
        "size":258,
        "year":1995.7093023256,
        "popularity":33.1317829457,
        "duration":240626.0426356589,
        "acousticness":0.3387726202,
        "danceability":0.5077131783,
        "energy":0.5538484496,
        "instrumentalness":0.016665075,
        "liveness":0.2838015504,
        "loudness":-9.520744186,
        "speechiness":0.0474647287,
        "tempo":118.9534573643,
        "valence":0.445622093
    },
    "Electronica\/dance":{
        "size":6,
        "year":1996.1666666667,
        "popularity":42.6666666667,
        "duration":290024.1666666667,
        "acousticness":0.0202738333,
        "danceability":0.5063333333,
        "energy":0.8076666667,
        "instrumentalness":0.2049333333,
        "liveness":0.2839333333,
        "loudness":-5.8378333333,
        "speechiness":0.0580333333,
        "tempo":110.9866666667,
        "valence":0.2562833333
    },
    "Folk":{
        "size":7,
        "year":1981.2857142857,
        "popularity":44.8571428571,
        "duration":277693.0,
        "acousticness":0.5280442857,
        "danceability":0.3851428571,
        "energy":0.4837142857,
        "instrumentalness":0.0174194443,
        "liveness":0.2208714286,
        "loudness":-9.1378571429,
        "speechiness":0.0722,
        "tempo":128.0144285714,
        "valence":0.3734285714
    },
    "Hip-hop":{
        "size":8,
        "year":2001.875,
        "popularity":57.5,
        "duration":247770.75,
        "acousticness":0.25561125,
        "danceability":0.59125,
        "energy":0.621375,
        "instrumentalness":0.299440875,
        "liveness":0.2036125,
        "loudness":-9.46325,
        "speechiness":0.03635,
        "tempo":116.7605,
        "valence":0.413375
    },
    "House":{
        "size":6,
        "year":2000.6666666667,
        "popularity":55.5,
        "duration":268609.8333333333,
        "acousticness":0.019185,
        "danceability":0.6856666667,
        "energy":0.7955,
        "instrumentalness":0.204252155,
        "liveness":0.2016333333,
        "loudness":-6.894,
        "speechiness":0.0965,
        "tempo":125.9033333333,
        "valence":0.4411666667
    },
    "Jazz":{
        "size":8,
        "year":1989.0,
        "popularity":58.875,
        "duration":257322.875,
        "acousticness":0.75775,
        "danceability":0.486,
        "energy":0.2693625,
        "instrumentalness":0.0135872762,
        "liveness":0.169875,
        "loudness":-13.71825,
        "speechiness":0.0358875,
        "tempo":128.14475,
        "valence":0.452875
    },
    "Karaoke":{
        "size":14,
        "year":1993.5,
        "popularity":4.7142857143,
        "duration":222478.4285714286,
        "acousticness":0.2827220714,
        "danceability":0.6231428571,
        "energy":0.4407357143,
        "instrumentalness":0.6646428571,
        "liveness":0.1738571429,
        "loudness":-13.0569285714,
        "speechiness":0.0462785714,
        "tempo":110.0595,
        "valence":0.52785
    },
    "Metal":{
        "size":8,
        "year":2006.125,
        "popularity":59.25,
        "duration":270294.625,
        "acousticness":0.118965575,
        "danceability":0.419625,
        "energy":0.74875,
        "instrumentalness":0.0005388575,
        "liveness":0.1505125,
        "loudness":-5.231625,
        "speechiness":0.03905,
        "tempo":107.0015,
        "valence":0.41275
    },
    "Nederpop":{
        "size":16,
        "year":1985.0625,
        "popularity":35.5625,
        "duration":247912.625,
        "acousticness":0.3746375,
        "danceability":0.5069375,
        "energy":0.561475,
        "instrumentalness":0.1697539369,
        "liveness":0.2195375,
        "loudness":-8.9031875,
        "speechiness":0.0524,
        "tempo":122.693625,
        "valence":0.5056875
    },
    "Other":{
        "size":134,
        "year":1989.0970149254,
        "popularity":38.5074626866,
        "duration":249278.0,
        "acousticness":0.3495674172,
        "danceability":0.5598731343,
        "energy":0.5604328358,
        "instrumentalness":0.1110145231,
        "liveness":0.2082522388,
        "loudness":-9.5977462687,
        "speechiness":0.0531298507,
        "tempo":115.3764626866,
        "valence":0.4989350746
    },
    "Pop":{
        "size":229,
        "year":2000.1310043668,
        "popularity":62.7205240175,
        "duration":263772.7205240175,
        "acousticness":0.3124951616,
        "danceability":0.5947292576,
        "energy":0.6164755459,
        "instrumentalness":0.0391120893,
        "liveness":0.1775240175,
        "loudness":-7.367628821,
        "speechiness":0.0580991266,
        "tempo":120.6454585153,
        "valence":0.4676563319
    },
    "Rap":{
        "size":20,
        "year":2000.0,
        "popularity":68.2,
        "duration":274753.7,
        "acousticness":0.1650485,
        "danceability":0.7158,
        "energy":0.63975,
        "instrumentalness":0.01992992,
        "liveness":0.273375,
        "loudness":-6.8519,
        "speechiness":0.095155,
        "tempo":104.3199,
        "valence":0.50317
    },
    "Reggae":{
        "size":6,
        "year":1987.8333333333,
        "popularity":57.6666666667,
        "duration":217510.6666666667,
        "acousticness":0.1682116667,
        "danceability":0.8075,
        "energy":0.472,
        "instrumentalness":0.13672315,
        "liveness":0.1304,
        "loudness":-11.0485,
        "speechiness":0.1121666667,
        "tempo":116.4385,
        "valence":0.7476666667
    },
    "Rock":{
        "size":492,
        "year":1993.7459349593,
        "popularity":59.4491869919,
        "duration":273030.5650406504,
        "acousticness":0.1984598101,
        "danceability":0.508546748,
        "energy":0.6594199187,
        "instrumentalness":0.0610753586,
        "liveness":0.1933593496,
        "loudness":-8.1775569106,
        "speechiness":0.0485981707,
        "tempo":121.9557357724,